ORI-barcode,ORI-barcode sequence,Corresponding ORI,Constant Region Upstream,Constant Region Downstream,Variable Barcode
ORI_BC_1,GGGTCACGCGTAGGACGCGTCGAGTAGGGTATATAGATGCCGTCCTAGCGGTTCCGCAGCCACACGCCGTGTGAAGCTGG,pAL5000,GGGTCACGCGTAGGACGCGTCGAGTAGGGT,GTTCCGCAGCCACACGCCGTGTGAAGCTGG,ATATAGATGCCGTCCTAGCG
ORI_BC_2,GGGTCACGCGTAGGACGCGTCGAGTAGGGTCCCTTTAATCAGATGCGTCGGTTCCGCAGCCACACGCCGTGTGAAGCTGG,pUB110,GGGTCACGCGTAGGACGCGTCGAGTAGGGT,GTTCCGCAGCCACACGCCGTGTGAAGCTGG,CCCTTTAATCAGATGCGTCG
ORI_BC_3,GGGTCACGCGTAGGACGCGTCGAGTAGGGTTTGGTCATGTGCTTTTCGTTGTTCCGCAGCCACACGCCGTGTGAAGCTGG,pAMÎ²1,GGGTCACGCGTAGGACGCGTCGAGTAGGGT,GTTCCGCAGCCACACGCCGTGTGAAGCTGG,TTGGTCATGTGCTTTTCGTT
ORI_BC_4,GGGTCACGCGTAGGACGCGTCGAGTAGGGTGGGTGGGTAAATGGTAATGCGTTCCGCAGCCACACGCCGTGTGAAGCTGG,pIP501,GGGTCACGCGTAGGACGCGTCGAGTAGGGT,GTTCCGCAGCCACACGCCGTGTGAAGCTGG,GGGTGGGTAAATGGTAATGC
ORI_BC_10,GGGTCACGCGTAGGACGCGTCGAGTAGGGTCCCGATAGCTGAGAAAGAGTGTTCCGCAGCCACACGCCGTGTGAAGCTGG,pSC101ts,GGGTCACGCGTAGGACGCGTCGAGTAGGGT,GTTCCGCAGCCACACGCCGTGTGAAGCTGG,CCCGATAGCTGAGAAAGAGT
ORI_BC_12,GGGTCACGCGTAGGACGCGTCGAGTAGGGTTAGATTCCCTTGACTTGCGTGTTCCGCAGCCACACGCCGTGTGAAGCTGG,RK2,GGGTCACGCGTAGGACGCGTCGAGTAGGGT,GTTCCGCAGCCACACGCCGTGTGAAGCTGG,TAGATTCCCTTGACTTGCGT
ORI_BC_13,GGGTCACGCGTAGGACGCGTCGAGTAGGGTAAGTTTGTGGGGTAGGGAATGTTCCGCAGCCACACGCCGTGTGAAGCTGG,pBBR1,GGGTCACGCGTAGGACGCGTCGAGTAGGGT,GTTCCGCAGCCACACGCCGTGTGAAGCTGG,AAGTTTGTGGGGTAGGGAAT
ORI_BC_14,GGGTCACGCGTAGGACGCGTCGAGTAGGGTGACTTGTGGCCCTTTCTTTTGTTCCGCAGCCACACGCCGTGTGAAGCTGG,RSF1010,GGGTCACGCGTAGGACGCGTCGAGTAGGGT,GTTCCGCAGCCACACGCCGTGTGAAGCTGG,GACTTGTGGCCCTTTCTTTT
ORI_BC_15,GGGTCACGCGTAGGACGCGTCGAGTAGGGTTGTCAGGGGTAGTGTAACACGTTCCGCAGCCACACGCCGTGTGAAGCTGG,pIJ101,GGGTCACGCGTAGGACGCGTCGAGTAGGGT,GTTCCGCAGCCACACGCCGTGTGAAGCTGG,TGTCAGGGGTAGTGTAACAC
ORI_BC_16,GGGTCACGCGTAGGACGCGTCGAGTAGGGTTAAACTAATTGCCGGGCATGGTTCCGCAGCCACACGCCGTGTGAAGCTGG,pSa,GGGTCACGCGTAGGACGCGTCGAGTAGGGT,GTTCCGCAGCCACACGCCGTGTGAAGCTGG,TAAACTAATTGCCGGGCATG
ORI_BC_17,GGGTCACGCGTAGGACGCGTCGAGTAGGGTAGGCTTCAGACCTTATAGCCGTTCCGCAGCCACACGCCGTGTGAAGCTGG,pWKS1,GGGTCACGCGTAGGACGCGTCGAGTAGGGT,GTTCCGCAGCCACACGCCGTGTGAAGCTGG,AGGCTTCAGACCTTATAGCC
ORI_BC_20,GGGTCACGCGTAGGACGCGTCGAGTAGGGTTCCGTTTGTTCAAAGGTCACGTTCCGCAGCCACACGCCGTGTGAAGCTGG,pSG5,GGGTCACGCGTAGGACGCGTCGAGTAGGGT,GTTCCGCAGCCACACGCCGTGTGAAGCTGG,TCCGTTTGTTCAAAGGTCAC
ORI_BC_21,GGGTCACGCGTAGGACGCGTCGAGTAGGGTTCGGATTAGAGTTCTCTCGCGTTCCGCAGCCACACGCCGTGTGAAGCTGG,pBBR1-UP,GGGTCACGCGTAGGACGCGTCGAGTAGGGT,GTTCCGCAGCCACACGCCGTGTGAAGCTGG,TCGGATTAGAGTTCTCTCGC
ORI_BC_22,GGGTCACGCGTAGGACGCGTCGAGTAGGGTCCGAGAGTTAAGGCCACTATGTTCCGCAGCCACACGCCGTGTGAAGCTGG,pNG2,GGGTCACGCGTAGGACGCGTCGAGTAGGGT,GTTCCGCAGCCACACGCCGTGTGAAGCTGG,CCGAGAGTTAAGGCCACTAT
ORI_BC_23,GGGTCACGCGTAGGACGCGTCGAGTAGGGTATGACCGTTAGTGAGGCTAGGTTCCGCAGCCACACGCCGTGTGAAGCTGG,Dummy,GGGTCACGCGTAGGACGCGTCGAGTAGGGT,GTTCCGCAGCCACACGCCGTGTGAAGCTGG,ATGACCGTTAGTGAGGCTAG
ORI_BC_24,GGGTCACGCGTAGGACGCGTCGAGTAGGGTTCTCCGTATGTCATCTCAGCGTTCCGCAGCCACACGCCGTGTGAAGCTGG,p15A,GGGTCACGCGTAGGACGCGTCGAGTAGGGT,GTTCCGCAGCCACACGCCGTGTGAAGCTGG,TCTCCGTATGTCATCTCAGC
ORI_BC_25,GGGTCACGCGTAGGACGCGTCGAGTAGGGTTGGCCAGATTAATTCCCAGTGTTCCGCAGCCACACGCCGTGTGAAGCTGG,pBC1,GGGTCACGCGTAGGACGCGTCGAGTAGGGT,GTTCCGCAGCCACACGCCGTGTGAAGCTGG,TGGCCAGATTAATTCCCAGT
ORI_BC_11,GGGTCACGCGTAGGACGCGTCGAGTAGGGTTTATAATCATCCTCCCCGGCGTTCCGCAGCCACACGCCGTGTGAAGCTGG,pBP1,GGGTCACGCGTAGGACGCGTCGAGTAGGGT,GTTCCGCAGCCACACGCCGTGTGAAGCTGG,TTATAATCATCCTCCCCGGC
ORI_BC_26,GGGTCACGCGTAGGACGCGTCGAGTAGGGTTAAATATCCCCTTGAGGCCCGTTCCGCAGCCACACGCCGTGTGAAGCTGG,pCB102,GGGTCACGCGTAGGACGCGTCGAGTAGGGT,GTTCCGCAGCCACACGCCGTGTGAAGCTGG,TAAATATCCCCTTGAGGCCC
ORI_BC_27,GGGTCACGCGTAGGACGCGTCGAGTAGGGTTAAATCGTGGATGGAGGAGGGTTCCGCAGCCACACGCCGTGTGAAGCTGG,pCD6,GGGTCACGCGTAGGACGCGTCGAGTAGGGT,GTTCCGCAGCCACACGCCGTGTGAAGCTGG,TAAATCGTGGATGGAGGAGG
ORI_BC_28,GGGTCACGCGTAGGACGCGTCGAGTAGGGTCATTGAGAGGGATGCTTTGGGTTCCGCAGCCACACGCCGTGTGAAGCTGG,pIM13,GGGTCACGCGTAGGACGCGTCGAGTAGGGT,GTTCCGCAGCCACACGCCGTGTGAAGCTGG,CATTGAGAGGGATGCTTTGG
ORI_BC_29,GGGTCACGCGTAGGACGCGTCGAGTAGGGTTCTCATTGTCTATTCCCCGGGTTCCGCAGCCACACGCCGTGTGAAGCTGG,pMB1,GGGTCACGCGTAGGACGCGTCGAGTAGGGT,GTTCCGCAGCCACACGCCGTGTGAAGCTGG,TCTCATTGTCTATTCCCCGG
ORI_BC_30,GGGTCACGCGTAGGACGCGTCGAGTAGGGTTTCTTGTCGACTCCATGTCAGTTCCGCAGCCACACGCCGTGTGAAGCTGG,pTHT15,GGGTCACGCGTAGGACGCGTCGAGTAGGGT,GTTCCGCAGCCACACGCCGTGTGAAGCTGG,TTCTTGTCGACTCCATGTCA
